symbol,timestamp,open,high,low,close,volume
btc_jpy,2026-09-24T22:00:00+00:00,13394330,13395721,13340000,13367315,1.9395
btc_jpy,2026-09-24T23:00:00+00:00,13367316,13390000,13367315,13389870,5.8782
btc_jpy,2026-09-25T00:00:00+00:00,13389870,13425911,13389870,13413274,2.4171
btc_jpy,2026-09-25T01:00:00+00:00,13411882,13435000,13385000,13405000,5.9065
btc_jpy,2026-09-25T02:00:00+00:00,13405000,13440000,13341335,13342677,3.8735
btc_jpy,2026-09-25T03:00:00+00:00,13342678,13365795,13326253,13336901,7.1729
btc_jpy,2026-09-25T04:00:00+00:00,13338317,13360127,13314871,13341977,2.7272
btc_jpy,2026-09-25T05:00:00+00:00,13341978,13342000,13279445,13325282,18.4029
btc_jpy,2026-09-25T06:00:00+00:00,13325282,13325282,13275508,13284000,3.0445
btc_jpy,2026-09-25T07:00:00+00:00,13284000,13284001,13240002,13280000,4.7496
btc_jpy,2026-09-25T08:00:00+00:00,13280000,13356026,13280000,13344053,6.0108
btc_jpy,2026-09-25T09:00:00+00:00,13345555,13388761,13345555,13364164,5.7089
btc_jpy,2026-09-25T10:00:00+00:00,13364164,13380000,13324991,13373550,3.2213
btc_jpy,2026-09-25T11:00:00+00:00,13370000,13427306,13326925,13326926,9.3203
btc_jpy,2026-09-25T12:00:00+00:00,13326926,13339746,13231037,13303713,6.5886
btc_jpy,2026-09-25T13:00:00+00:00,13304092,13309953,13132000,13187647,12.5710
btc_jpy,2026-09-25T14:00:00+00:00,13187647,13205000,13090000,13204007,9.7551
btc_jpy,2026-09-25T15:00:00+00:00,13206386,13219548,13130899,13168553,11.4120
btc_jpy,2026-09-25T16:00:00+00:00,13171551,13211476,13169574,13170148,5.0235
btc_jpy,2026-09-25T17:00:00+00:00,13170148,13210000,13166722,13169197,1.7459
btc_jpy,2026-09-25T18:00:00+00:00,13183271,13220000,13183271,13202757,1.1365
btc_jpy,2026-09-25T19:00:00+00:00,13200780,13218258,13198576,13218258,0.9696
btc_jpy,2026-09-25T20:00:00+00:00,13218607,13236964,13194180,13194180,1.6984
btc_jpy,2026-09-25T21:00:00+00:00,13194180,13194181,13160389,13182667,0.7228
btc_jpy,2026-09-25T22:00:00+00:00,13182667,13234523,13182667,13226252,0.6677
btc_jpy,2026-09-25T23:00:00+00:00,13229512,13231814,13224949,13229059,0.6242
btc_jpy,2026-09-26T00:00:00+00:00,13229059,13231465,13187477,13204520,1.4758
btc_jpy,2026-09-26T01:00:00+00:00,13204520,13227236,13200666,13227235,0.6856
btc_jpy,2026-09-26T02:00:00+00:00,13227236,13234856,13216855,13221525,1.1574
btc_jpy,2026-09-26T03:00:00+00:00,13218086,13220826,13202237,13214350,1.6000
btc_jpy,2026-09-26T04:00:00+00:00,13214350,13218723,13202237,13214231,0.5566
btc_jpy,2026-09-26T05:00:00+00:00,13214232,13215000,13210655,13213199,0.6611
btc_jpy,2026-09-26T06:00:00+00:00,13213199,13213199,13203951,13203951,1.7535
btc_jpy,2026-09-26T07:00:00+00:00,13203265,13222386,13203265,13222386,2.5089
btc_jpy,2026-09-26T08:00:00+00:00,13223694,13264218,13223545,13252325,2.5354
btc_jpy,2026-09-26T09:00:00+00:00,13252325,13252325,13214829,13222883,2.2238
btc_jpy,2026-09-26T10:00:00+00:00,13225362,13240000,13225362,13240000,0.6684
btc_jpy,2026-09-26T11:00:00+00:00,13240000,13250000,13239999,13249828,1.0538
btc_jpy,2026-09-26T12:00:00+00:00,13249827,13250000,13233042,13235209,2.0206
btc_jpy,2026-09-26T13:00:00+00:00,13235421,13235830,13209986,13220953,2.0365
btc_jpy,2026-09-26T14:00:00+00:00,13219378,13232045,13215632,13232045,0.5968
btc_jpy,2026-09-26T15:00:00+00:00,13232044,13245000,13232044,13245000,1.0371
btc_jpy,2026-09-26T16:00:00+00:00,13245000,13246000,13242559,13244999,0.2250
btc_jpy,2026-09-26T17:00:00+00:00,13242999,13243000,13229044,13240500,1.2478
btc_jpy,2026-09-26T18:00:00+00:00,13240716,13245000,13228943,13228943,0.0494
btc_jpy,2026-09-26T19:00:00+00:00,13228944,13231944,13228944,13229091,0.0547
btc_jpy,2026-09-26T20:00:00+00:00,13229597,13238594,13209780,13231782,0.1795
btc_jpy,2026-09-26T21:00:00+00:00,13234661,13260000,13234661,13245542,1.6508
btc_jpy,2026-09-26T22:00:00+00:00,13245543,13280000,13245543,13270375,1.4318
btc_jpy,2026-09-26T23:00:00+00:00,13270375,13289547,13270375,13289547,1.6068
btc_jpy,2026-09-27T00:00:00+00:00,13289118,13295000,13267725,13273805,0.7171
btc_jpy,2026-09-27T01:00:00+00:00,13273805,13305000,13270895,13301514,1.7904
btc_jpy,2026-09-27T02:00:00+00:00,13300001,13305000,13297000,13302747,1.2572
btc_jpy,2026-09-27T03:00:00+00:00,13302748,13302748,13290122,13290123,0.7079
btc_jpy,2026-09-27T04:00:00+00:00,13288871,13304999,13282772,13282812,2.5255
btc_jpy,2026-09-27T05:00:00+00:00,13282812,13317422,13282811,13301925,1.1816
btc_jpy,2026-09-27T06:00:00+00:00,13300926,13319710,13300565,13302620,1.0427
btc_jpy,2026-09-27T07:00:00+00:00,13300222,13339202,13300222,13335047,3.7379
btc_jpy,2026-09-27T08:00:00+00:00,13334896,13344158,13329298,13339581,1.7056
btc_jpy,2026-09-27T09:00:00+00:00,13339282,13363409,13315000,13361350,3.4363
btc_jpy,2026-09-27T10:00:00+00:00,13361350,13380000,13346911,13352619,3.3510
btc_jpy,2026-09-27T11:00:00+00:00,13355053,13361830,13351889,13358720,1.2819
btc_jpy,2026-09-27T12:00:00+00:00,13358720,13369974,13350000,13350000,1.9128
btc_jpy,2026-09-27T13:00:00+00:00,13350000,13386000,13321336,13371980,5.5669
btc_jpy,2026-09-27T14:00:00+00:00,13371980,13375000,13304999,13321585,5.1463
btc_jpy,2026-09-27T15:00:00+00:00,13315139,13316603,13290000,13296108,3.8567
btc_jpy,2026-09-27T16:00:00+00:00,13298005,13323000,13287738,13291703,1.8875
btc_jpy,2026-09-27T17:00:00+00:00,13291703,13312848,13281903,13312848,0.9811
btc_jpy,2026-09-27T18:00:00+00:00,13310649,13335000,13309575,13335000,3.4144
btc_jpy,2026-09-27T19:00:00+00:00,13337446,13344971,13319307,13333955,0.7472
btc_jpy,2026-09-27T20:00:00+00:00,13333956,13334845,13300003,13301197,0.6647
btc_jpy,2026-09-27T21:00:00+00:00,13301196,13321970,13293369,13320886,0.5470
btc_jpy,2026-09-27T22:00:00+00:00,13320886,13331994,13274001,13286542,4.1961
btc_jpy,2026-09-27T23:00:00+00:00,13282006,13310000,13268922,13307795,5.0583
btc_jpy,2026-09-28T00:00:00+00:00,13307795,13403332,13289104,13289104,11.1343
btc_jpy,2026-09-28T01:00:00+00:00,13289104,13290000,13216101,13216102,14.4831
btc_jpy,2026-09-28T02:00:00+00:00,13216101,13216101,13153141,13162392,8.4045
btc_jpy,2026-09-28T03:00:00+00:00,13166588,13175000,13120681,13157367,13.6096
btc_jpy,2026-09-28T04:00:00+00:00,13157367,13182608,13143885,13182608,2.4402
btc_jpy,2026-09-28T05:00:00+00:00,13182608,13188045,13060814,13115601,23.9487
btc_jpy,2026-09-28T06:00:00+00:00,13115601,13125000,13095754,13095754,5.3409
btc_jpy,2026-09-28T07:00:00+00:00,13095755,13119809,13055987,13055987,7.1316
btc_jpy,2026-09-28T08:00:00+00:00,13055555,13055555,12978244,13024233,17.0635
btc_jpy,2026-09-28T09:00:00+00:00,13022319,13024233,12976921,12981958,10.2591
btc_jpy,2026-09-28T10:00:00+00:00,12986755,13049799,12986755,13040241,7.2268
btc_jpy,2026-09-28T11:00:00+00:00,13048341,13052788,13032656,13049036,1.6999
btc_jpy,2026-09-28T12:00:00+00:00,13045918,13144999,13045918,13138177,8.0209
btc_jpy,2026-09-28T13:00:00+00:00,13138176,13168000,13105390,13150000,11.0609
btc_jpy,2026-09-28T14:00:00+00:00,13150001,13150001,13011111,13085684,12.5055
btc_jpy,2026-09-28T15:00:00+00:00,13085744,13126244,13053296,13126244,5.1319
btc_jpy,2026-09-28T16:00:00+00:00,13129155,13219983,13107228,13164421,6.4170
btc_jpy,2026-09-28T17:00:00+00:00,13165448,13250000,13153245,13196716,2.9825
btc_jpy,2026-09-28T18:00:00+00:00,13195994,13222597,13188968,13222597,0.8063
btc_jpy,2026-09-28T19:00:00+00:00,13222597,13222597,13095807,13133213,0.9927
btc_jpy,2026-09-28T20:00:00+00:00,13133509,13160832,13115334,13146490,0.5690
btc_jpy,2026-09-28T21:00:00+00:00,13146490,13166534,13112368,13112368,0.5316
