exchange,symbol,market_type,timestamp,open,high,low,close,volume,quote_volume
bitbank,btc_jpy,spot,2026-08-12T06:00:00+00:00,10172647,10172647,10142001,10148402,1.0727,
bitbank,btc_jpy,spot,2026-08-12T07:00:00+00:00,10148402,10167678,10147996,10167678,1.1557,
bitbank,btc_jpy,spot,2026-08-12T08:00:00+00:00,10167678,10171406,10165279,10165280,0.5068,
bitbank,btc_jpy,spot,2026-08-12T09:00:00+00:00,10165280,10188292,10156448,10188292,4.9783,
bitbank,btc_jpy,spot,2026-08-12T10:00:00+00:00,10188339,10207771,10188339,10201558,3.0645,
bitbank,btc_jpy,spot,2026-08-12T11:00:00+00:00,10201900,10204927,10201900,10204651,0.9975,
bitbank,btc_jpy,spot,2026-08-12T12:00:00+00:00,10204927,10241234,10166994,10184140,13.0517,
bitbank,btc_jpy,spot,2026-08-12T13:00:00+00:00,10184140,10184140,10150000,10158568,4.8932,
bitbank,btc_jpy,spot,2026-08-12T14:00:00+00:00,10151680,10166022,10093792,10093792,7.0992,
bitbank,btc_jpy,spot,2026-08-12T15:00:00+00:00,10092055,10122807,10085002,10102655,10.1839,
bitbank,btc_jpy,spot,2026-08-12T16:00:00+00:00,10103785,10125197,10100000,10124852,1.0374,
bitbank,btc_jpy,spot,2026-08-12T17:00:00+00:00,10120878,10127427,10111114,10122660,0.5221,
bitbank,btc_jpy,spot,2026-08-12T18:00:00+00:00,10123705,10127541,10109644,10112571,0.8069,
bitbank,btc_jpy,spot,2026-08-12T19:00:00+00:00,10109341,10129616,10104791,10116264,5.0265,
bitbank,btc_jpy,spot,2026-08-12T20:00:00+00:00,10121111,10143445,10121110,10140058,1.3579,
bitbank,btc_jpy,spot,2026-08-12T21:00:00+00:00,10140058,10146806,10121110,10130000,0.4374,
bitbank,btc_jpy,spot,2026-08-12T22:00:00+00:00,10125001,10129805,10110000,10111857,0.9827,
bitbank,btc_jpy,spot,2026-08-12T23:00:00+00:00,10113067,10113067,10103165,10112502,0.9027,
bitbank,btc_jpy,spot,2026-08-13T00:00:00+00:00,10112502,10149494,10112501,10129553,6.9125,
bitbank,btc_jpy,spot,2026-08-13T01:00:00+00:00,10129553,10140543,10104382,10116207,1.7605,
bitbank,btc_jpy,spot,2026-08-13T02:00:00+00:00,10109288,10127962,10108703,10127959,1.0069,
bitbank,btc_jpy,spot,2026-08-13T03:00:00+00:00,10127959,10148000,10125459,10144903,1.0409,
bitbank,btc_jpy,spot,2026-08-13T04:00:00+00:00,10143868,10150905,10139679,10142581,1.0383,
bitbank,btc_jpy,spot,2026-08-13T05:00:00+00:00,10140218,10188490,10140218,10173012,4.4726,
bitbank,btc_jpy,spot,2026-08-13T06:00:00+00:00,10173011,10177425,10163710,10177425,2.0549,
bitbank,btc_jpy,spot,2026-08-13T07:00:00+00:00,10180104,10180104,10173605,10175629,2.3052,
bitbank,btc_jpy,spot,2026-08-13T08:00:00+00:00,10175628,10178565,10163717,10163717,0.6654,
bitbank,btc_jpy,spot,2026-08-13T09:00:00+00:00,10163717,10163717,10140911,10154920,6.2141,
bitbank,btc_jpy,spot,2026-08-13T10:00:00+00:00,10156443,10156443,10133445,10136156,0.9326,
bitbank,btc_jpy,spot,2026-08-13T11:00:00+00:00,10138188,10138545,10092741,10110000,5.5993,
bitbank,btc_jpy,spot,2026-08-13T12:00:00+00:00,10110000,10140000,10109999,10138481,6.5840,
bitbank,btc_jpy,spot,2026-08-13T13:00:00+00:00,10138481,10164951,10125497,10150001,2.3592,
bitbank,btc_jpy,spot,2026-08-13T14:00:00+00:00,10150001,10178565,10140001,10165681,2.1322,
bitbank,btc_jpy,spot,2026-08-13T15:00:00+00:00,10163368,10170000,10111115,10111115,1.8768,
bitbank,btc_jpy,spot,2026-08-13T16:00:00+00:00,10111115,10128075,10024695,10066580,8.7878,
bitbank,btc_jpy,spot,2026-08-13T17:00:00+00:00,10062409,10089800,10062389,10078299,1.6158,
bitbank,btc_jpy,spot,2026-08-13T18:00:00+00:00,10078298,10098125,10068210,10098125,0.7670,
bitbank,btc_jpy,spot,2026-08-13T19:00:00+00:00,10098234,10124801,10097486,10113729,2.4697,
bitbank,btc_jpy,spot,2026-08-13T20:00:00+00:00,10113536,10123432,10112017,10114300,0.4224,
bitbank,btc_jpy,spot,2026-08-13T21:00:00+00:00,10113290,10121325,10113289,10121325,0.1798,
bitbank,btc_jpy,spot,2026-08-13T22:00:00+00:00,10121325,10143240,10121325,10132001,2.4689,
bitbank,btc_jpy,spot,2026-08-13T23:00:00+00:00,10132001,10132001,10113933,10119906,1.9348,
bitbank,btc_jpy,spot,2026-08-14T00:00:00+00:00,10120563,10123034,10105449,10122019,1.9235,
bitbank,btc_jpy,spot,2026-08-14T01:00:00+00:00,10121037,10128861,10118616,10128861,0.7250,
bitbank,btc_jpy,spot,2026-08-14T02:00:00+00:00,10128862,10134212,10118616,10123937,1.4809,
bitbank,btc_jpy,spot,2026-08-14T03:00:00+00:00,10122304,10125077,10096622,10096622,0.9987,
bitbank,btc_jpy,spot,2026-08-14T04:00:00+00:00,10095268,10117298,10087392,10105001,2.9477,
bitbank,btc_jpy,spot,2026-08-14T05:00:00+00:00,10105001,10105001,10088695,10093253,0.4800,
bitbank,btc_jpy,spot,2026-08-14T06:00:00+00:00,10093966,10093967,10030000,10032630,3.4577,
bitbank,btc_jpy,spot,2026-08-14T07:00:00+00:00,10032631,10055989,10024629,10027757,3.3339,
bitbank,btc_jpy,spot,2026-08-14T08:00:00+00:00,10027757,10062809,9970632,10021680,15.8402,
bitbank,btc_jpy,spot,2026-08-14T09:00:00+00:00,10024678,10024678,9995273,9998297,4.8538,
bitbank,btc_jpy,spot,2026-08-14T10:00:00+00:00,10000245,10018547,9997440,10007154,2.6171,
bitbank,btc_jpy,spot,2026-08-14T11:00:00+00:00,10007154,10020010,10007153,10017998,2.4584,
bitbank,btc_jpy,spot,2026-08-14T12:00:00+00:00,10015001,10015001,9973391,9974467,4.7195,
bitbank,btc_jpy,spot,2026-08-14T13:00:00+00:00,9975370,9991541,9957800,9959629,4.1538,
bitbank,btc_jpy,spot,2026-08-14T14:00:00+00:00,9964104,9987195,9955830,9965270,4.4188,
bitbank,btc_jpy,spot,2026-08-14T15:00:00+00:00,9965661,10039899,9965661,10034507,2.5016,
bitbank,btc_jpy,spot,2026-08-14T16:00:00+00:00,10033553,10066633,10029031,10060001,4.5576,
bitbank,btc_jpy,spot,2026-08-14T17:00:00+00:00,10060001,10079222,10041955,10044975,1.5489,
bitbank,btc_jpy,spot,2026-08-14T18:00:00+00:00,10044974,10048881,10030468,10030738,0.4036,
bitbank,btc_jpy,spot,2026-08-14T19:00:00+00:00,10030737,10036473,10021079,10036473,0.2607,
bitbank,btc_jpy,spot,2026-08-14T20:00:00+00:00,10037962,10038901,10021764,10026962,1.0740,
bitbank,btc_jpy,spot,2026-08-14T21:00:00+00:00,10026517,10029113,10022800,10025561,0.0436,
bitbank,btc_jpy,spot,2026-08-14T22:00:00+00:00,10025561,10026882,10012733,10019659,0.4206,
bitbank,btc_jpy,spot,2026-08-14T23:00:00+00:00,10019659,10048242,10019635,10044907,2.6450,
bitbank,btc_jpy,spot,2026-08-15T00:00:00+00:00,10044907,10046752,10038604,10040670,0.5021,
bitbank,btc_jpy,spot,2026-08-15T01:00:00+00:00,10041443,10045829,10039615,10043656,0.9028,
bitbank,btc_jpy,spot,2026-08-15T02:00:00+00:00,10043657,10100000,10043656,10061355,5.1425,
bitbank,btc_jpy,spot,2026-08-15T03:00:00+00:00,10061355,10071509,10045697,10048781,2.4170,
bitbank,btc_jpy,spot,2026-08-15T04:00:00+00:00,10048781,10061272,10048156,10057652,1.3052,
bitbank,btc_jpy,spot,2026-08-15T05:00:00+00:00,10057652,10058606,10030179,10045702,3.4681,
bitbank,btc_jpy,spot,2026-08-15T06:00:00+00:00,10048022,10048047,10044206,10047206,3.4231,
bitbank,btc_jpy,spot,2026-08-15T07:00:00+00:00,10047207,10051744,10045001,10047998,1.4847,
bitbank,btc_jpy,spot,2026-08-15T08:00:00+00:00,10048000,10048000,10027781,10029037,1.7375,
bitbank,btc_jpy,spot,2026-08-15T09:00:00+00:00,10029037,10036289,10026037,10036289,0.1507,
bitbank,btc_jpy,spot,2026-08-15T10:00:00+00:00,10036890,10037185,10036890,10037185,0.2639,
bitbank,btc_jpy,spot,2026-08-15T11:00:00+00:00,10037185,10039779,10037184,10039621,0.3245,
bitbank,btc_jpy,spot,2026-08-15T12:00:00+00:00,10039621,10047764,10035697,10047763,3.8250,
bitbank,btc_jpy,spot,2026-08-15T13:00:00+00:00,10047764,10052801,10046090,10048939,0.9146,
bitbank,btc_jpy,spot,2026-08-15T14:00:00+00:00,10048939,10048939,10043700,10045476,0.6050,
bitbank,btc_jpy,spot,2026-08-15T15:00:00+00:00,10045476,10051619,10045476,10051619,0.1159,
bitbank,btc_jpy,spot,2026-08-15T16:00:00+00:00,10051619,10054243,10051618,10054242,0.4233,
bitbank,btc_jpy,spot,2026-08-15T17:00:00+00:00,10054163,10054164,10054001,10054001,0.0040,
bitbank,btc_jpy,spot,2026-08-15T18:00:00+00:00,10054001,10054001,10051619,10051620,0.1211,
bitbank,btc_jpy,spot,2026-08-15T19:00:00+00:00,10051620,10052330,10051619,10052330,0.0104,
bitbank,btc_jpy,spot,2026-08-15T20:00:00+00:00,10054000,10054000,10051622,10053773,0.0330,
bitbank,btc_jpy,spot,2026-08-15T21:00:00+00:00,10053053,10056019,10053052,10056019,0.0874,
bitbank,btc_jpy,spot,2026-08-15T22:00:00+00:00,10056018,10059552,10055874,10055874,0.5102,
bitbank,btc_jpy,spot,2026-08-15T23:00:00+00:00,10055874,10056156,10055874,10055875,0.2658,
bitbank,btc_jpy,spot,2026-08-16T00:00:00+00:00,10055875,10055875,10055874,10055875,0.7215,
bitbank,btc_jpy,spot,2026-08-16T01:00:00+00:00,10055875,10055875,10042086,10048500,0.6647,
bitbank,btc_jpy,spot,2026-08-16T02:00:00+00:00,10050947,10056300,10050743,10056061,1.0608,
bitbank,btc_jpy,spot,2026-08-16T03:00:00+00:00,10055636,10055636,10054316,10054317,0.4685,
bitbank,btc_jpy,spot,2026-08-16T04:00:00+00:00,10054183,10057178,10054147,10054147,0.2768,
bitbank,btc_jpy,spot,2026-08-16T05:00:00+00:00,10054147,10054147,10050382,10050382,0.0852,
bitbank,btc_jpy,spot,2026-08-16T06:00:00+00:00,10050383,10050383,10048000,10048001,0.3554,
bitbank,btc_jpy,spot,2026-08-16T07:00:00+00:00,10048000,10048701,10044484,10046297,0.4877,
bitbank,btc_jpy,spot,2026-08-16T08:00:00+00:00,10046297,10048643,10046296,10046976,0.3713,
bitbank,btc_jpy,spot,2026-08-16T09:00:00+00:00,10046976,10047978,10036644,10036644,0.2516,
bitbank,btc_jpy,spot,2026-08-16T10:00:00+00:00,10036376,10036376,10030564,10034207,2.0756,
bitbank,btc_jpy,spot,2026-08-16T11:00:00+00:00,10034207,10034207,10033203,10033324,0.2921,
bitbank,btc_jpy,spot,2026-08-16T12:00:00+00:00,10033324,10036479,10033324,10035998,0.7875,
bitbank,btc_jpy,spot,2026-08-16T13:00:00+00:00,10035998,10043109,10035998,10043109,1.0124,
bitbank,btc_jpy,spot,2026-08-16T14:00:00+00:00,10043109,10046583,10042114,10046583,0.4935,
bitbank,btc_jpy,spot,2026-08-16T15:00:00+00:00,10046607,10053523,10046607,10051326,0.5106,
bitbank,btc_jpy,spot,2026-08-16T16:00:00+00:00,10052081,10089899,10052081,10071915,1.4119,
bitbank,btc_jpy,spot,2026-08-16T17:00:00+00:00,10070720,10073544,10052847,10054465,0.1469,
bitbank,btc_jpy,spot,2026-08-16T18:00:00+00:00,10056227,10059093,10056226,10058806,0.3422,
bitbank,btc_jpy,spot,2026-08-16T19:00:00+00:00,10058807,10066840,10058807,10059450,0.2789,
bitbank,btc_jpy,spot,2026-08-16T20:00:00+00:00,10058806,10059792,10046423,10049915,0.1890,
bitbank,btc_jpy,spot,2026-08-16T21:00:00+00:00,10046518,10050450,10011036,10034180,1.9091,
bitbank,btc_jpy,spot,2026-08-16T22:00:00+00:00,10034179,10034179,9998855,10009268,2.5416,
bitbank,btc_jpy,spot,2026-08-16T23:00:00+00:00,10014006,10023577,10008395,10014831,0.6709,
bitbank,btc_jpy,spot,2026-08-17T00:00:00+00:00,10014831,10017831,9984837,10005287,6.8341,
bitbank,btc_jpy,spot,2026-08-17T01:00:00+00:00,10008193,10056582,10008192,10044788,3.1226,
bitbank,btc_jpy,spot,2026-08-17T02:00:00+00:00,10044787,10089897,10023257,10082472,7.2675,
bitbank,btc_jpy,spot,2026-08-17T03:00:00+00:00,10078456,10098000,10077562,10090001,2.4284,
bitbank,btc_jpy,spot,2026-08-17T04:00:00+00:00,10090001,10109481,10090001,10109481,5.0152,
bitbank,btc_jpy,spot,2026-08-17T05:00:00+00:00,10109246,10118935,10100000,10103560,2.1900,
bitbank,btc_jpy,spot,2026-08-17T06:00:00+00:00,10103560,10128000,10103560,10116030,3.3359,
bitbank,btc_jpy,spot,2026-08-17T07:00:00+00:00,10120013,10120013,10098197,10101998,2.4199,
bitbank,btc_jpy,spot,2026-08-17T08:00:00+00:00,10101111,10101476,10080000,10084557,0.8891,
bitbank,btc_jpy,spot,2026-08-17T09:00:00+00:00,10086907,10094515,10073402,10079659,4.2094,
bitbank,btc_jpy,spot,2026-08-17T10:00:00+00:00,10079660,10128000,10078438,10128000,4.4643,
bitbank,btc_jpy,spot,2026-08-17T11:00:00+00:00,10128000,10149290,10128000,10128001,3.8469,
bitbank,btc_jpy,spot,2026-08-17T12:00:00+00:00,10133572,10139535,10122105,10122709,2.4811,
bitbank,btc_jpy,spot,2026-08-17T13:00:00+00:00,10122709,10157000,10112000,10141968,4.4448,
bitbank,btc_jpy,spot,2026-08-17T14:00:00+00:00,10140827,10167000,10126744,10167000,3.0500,
bitbank,btc_jpy,spot,2026-08-17T15:00:00+00:00,10169635,10239999,10168475,10230454,6.7586,
bitbank,btc_jpy,spot,2026-08-17T16:00:00+00:00,10230455,10230455,10210833,10216207,1.1877,
bitbank,btc_jpy,spot,2026-08-17T17:00:00+00:00,10216206,10260000,10200900,10251999,5.1285,
bitbank,btc_jpy,spot,2026-08-17T18:00:00+00:00,10252000,10295000,10251782,10278277,1.4915,
bitbank,btc_jpy,spot,2026-08-17T19:00:00+00:00,10278277,10278277,10251203,10251203,0.7843,
bitbank,btc_jpy,spot,2026-08-17T20:00:00+00:00,10253091,10265050,10245085,10263071,2.1321,
bitbank,btc_jpy,spot,2026-08-17T21:00:00+00:00,10263071,10266867,10254344,10259726,2.2317,
bitbank,btc_jpy,spot,2026-08-17T22:00:00+00:00,10259726,10264272,10243237,10244664,4.6031,
bitbank,btc_jpy,spot,2026-08-17T23:00:00+00:00,10245571,10278279,10245570,10278279,4.4240,
bitbank,btc_jpy,spot,2026-08-18T00:00:00+00:00,10278279,10279898,10264728,10264728,4.5736,
bitbank,btc_jpy,spot,2026-08-18T01:00:00+00:00,10264729,10264729,10230785,10232200,6.8212,
bitbank,btc_jpy,spot,2026-08-18T02:00:00+00:00,10232200,10245199,10215505,10215505,3.9309,
bitbank,btc_jpy,spot,2026-08-18T03:00:00+00:00,10217033,10236317,10217033,10236317,5.2924,
bitbank,btc_jpy,spot,2026-08-18T04:00:00+00:00,10236318,10299424,10229636,10259105,13.7485,
bitbank,btc_jpy,spot,2026-08-18T05:00:00+00:00,10259105,10300000,10249798,10254354,6.0108,
bitbank,btc_jpy,spot,2026-08-18T06:00:00+00:00,10257353,10297672,10254000,10274478,2.7070,
bitbank,btc_jpy,spot,2026-08-18T07:00:00+00:00,10275668,10275669,10252049,10252049,0.5390,
bitbank,btc_jpy,spot,2026-08-18T08:00:00+00:00,10254684,10266771,10240092,10261835,1.2397,
bitbank,btc_jpy,spot,2026-08-18T09:00:00+00:00,10264420,10264420,10240000,10243648,1.3135,
bitbank,btc_jpy,spot,2026-08-18T10:00:00+00:00,10243641,10247756,10237190,10247756,2.2602,
bitbank,btc_jpy,spot,2026-08-18T11:00:00+00:00,10247756,10278524,10247756,10275667,1.0086,
bitbank,btc_jpy,spot,2026-08-18T12:00:00+00:00,10275667,10275667,10256119,10256119,0.4528,
bitbank,btc_jpy,spot,2026-08-18T13:00:00+00:00,10256120,10256120,10226808,10246328,2.1010,
bitbank,btc_jpy,spot,2026-08-18T14:00:00+00:00,10246870,10366213,10246870,10321994,10.3816,
bitbank,btc_jpy,spot,2026-08-18T15:00:00+00:00,10326468,10349129,10319236,10348147,2.4480,
bitbank,btc_jpy,spot,2026-08-18T16:00:00+00:00,10348149,10350102,10329817,10342395,1.7163,
bitbank,btc_jpy,spot,2026-08-18T17:00:00+00:00,10342394,10342394,10322842,10322842,1.1663,
bitbank,btc_jpy,spot,2026-08-18T18:00:00+00:00,10322843,10339663,10322842,10338418,0.1099,
bitbank,btc_jpy,spot,2026-08-18T19:00:00+00:00,10338418,10338418,10325436,10325436,0.0641,
bitbank,btc_jpy,spot,2026-08-18T20:00:00+00:00,10321104,10321104,10307418,10307883,0.9002,
bitbank,btc_jpy,spot,2026-08-18T21:00:00+00:00,10307882,10314765,10305002,10312925,5.2993,
bitbank,btc_jpy,spot,2026-08-18T22:00:00+00:00,10312924,10312925,10303634,10312491,0.7439,
bitbank,btc_jpy,spot,2026-08-18T23:00:00+00:00,10312490,10334411,10312284,10330037,1.9917,
bitbank,btc_jpy,spot,2026-08-19T00:00:00+00:00,10330037,10330037,10286262,10291002,2.7693,
bitbank,btc_jpy,spot,2026-08-19T01:00:00+00:00,10287344,10292537,10275137,10275138,9.8768,
bitbank,btc_jpy,spot,2026-08-19T02:00:00+00:00,10275138,10290699,10266277,10267468,14.3535,
bitbank,btc_jpy,spot,2026-08-19T03:00:00+00:00,10267469,10310925,10261111,10271914,3.5566,
bitbank,btc_jpy,spot,2026-08-19T04:00:00+00:00,10271914,10312000,10261967,10264694,5.5948,
bitbank,btc_jpy,spot,2026-08-19T05:00:00+00:00,10264694,10273000,10251796,10251796,1.7381,
bitbank,btc_jpy,spot,2026-08-19T06:00:00+00:00,10251370,10251555,10234089,10251555,1.4424,
bitbank,btc_jpy,spot,2026-08-19T07:00:00+00:00,10252999,10260514,10242607,10247242,2.5514,
bitbank,btc_jpy,spot,2026-08-19T08:00:00+00:00,10247242,10264083,10235073,10258478,1.5221,
bitbank,btc_jpy,spot,2026-08-19T09:00:00+00:00,10258479,10275555,10258479,10258643,0.8159,
bitbank,btc_jpy,spot,2026-08-19T10:00:00+00:00,10258643,10259145,10246253,10259145,0.8426,
bitbank,btc_jpy,spot,2026-08-19T11:00:00+00:00,10259772,10272559,10259772,10271833,1.0297,
bitbank,btc_jpy,spot,2026-08-19T12:00:00+00:00,10271616,10299412,10251401,10290873,6.9218,
bitbank,btc_jpy,spot,2026-08-19T13:00:00+00:00,10290873,10330000,10272941,10300001,5.7201,
bitbank,btc_jpy,spot,2026-08-19T14:00:00+00:00,10300001,10438000,10300001,10438000,11.9414,
bitbank,btc_jpy,spot,2026-08-19T15:00:00+00:00,10438000,10970000,10431439,10848712,102.2224,
bitbank,btc_jpy,spot,2026-08-19T16:00:00+00:00,10848463,10902013,10827459,10830750,14.0585,
bitbank,btc_jpy,spot,2026-08-19T17:00:00+00:00,10835517,10836264,10734235,10798668,8.0470,
bitbank,btc_jpy,spot,2026-08-19T18:00:00+00:00,10799830,10816438,10764438,10810438,4.8750,
bitbank,btc_jpy,spot,2026-08-19T19:00:00+00:00,10812233,10820728,10761955,10805042,2.7026,
bitbank,btc_jpy,spot,2026-08-19T20:00:00+00:00,10808223,10999999,10796115,10910555,8.9142,
bitbank,btc_jpy,spot,2026-08-19T21:00:00+00:00,10909851,11058550,10898029,11009183,24.6351,
bitbank,btc_jpy,spot,2026-08-19T22:00:00+00:00,11010520,11025945,10883193,10936343,8.3566,
bitbank,btc_jpy,spot,2026-08-19T23:00:00+00:00,10932045,10961199,10925791,10949999,12.0221,
bitbank,btc_jpy,spot,2026-08-20T00:00:00+00:00,10950000,11033783,10950000,10987042,11.1803,
bitbank,btc_jpy,spot,2026-08-20T01:00:00+00:00,10983899,11063169,10971534,11039162,4.8236,
bitbank,btc_jpy,spot,2026-08-20T02:00:00+00:00,11039163,11053661,10969635,10969635,4.1008,
bitbank,btc_jpy,spot,2026-08-20T03:00:00+00:00,10966202,10972695,10905104,10951798,8.0889,
bitbank,btc_jpy,spot,2026-08-20T04:00:00+00:00,10951902,11020309,10950658,11011158,1.9310,
bitbank,btc_jpy,spot,2026-08-20T05:00:00+00:00,11007814,11037888,10998848,10998848,4.9316,
bitbank,btc_jpy,spot,2026-08-20T06:00:00+00:00,11000000,11068250,10990264,11055000,4.1094,
bitbank,btc_jpy,spot,2026-08-20T07:00:00+00:00,11055000,11072642,11012108,11049499,2.3148,
bitbank,btc_jpy,spot,2026-08-20T08:00:00+00:00,11054999,11380099,11048422,11341748,43.5953,
bitbank,btc_jpy,spot,2026-08-20T09:00:00+00:00,11341748,11389899,11319701,11357476,21.6891,
bitbank,btc_jpy,spot,2026-08-20T10:00:00+00:00,11358936,11500000,11346042,11399979,21.8209,
bitbank,btc_jpy,spot,2026-08-20T11:00:00+00:00,11391948,11457486,11389312,11404691,12.9085,
bitbank,btc_jpy,spot,2026-08-20T12:00:00+00:00,11401534,11416133,11334361,11397679,15.6212,
bitbank,btc_jpy,spot,2026-08-20T13:00:00+00:00,11397679,11415432,11280000,11371593,9.8344,
bitbank,btc_jpy,spot,2026-08-20T14:00:00+00:00,11373543,11414999,11330265,11381433,3.9620,
bitbank,btc_jpy,spot,2026-08-20T15:00:00+00:00,11384145,11546258,11384144,11500001,11.3496,
bitbank,btc_jpy,spot,2026-08-20T16:00:00+00:00,11500001,11568552,11474492,11568552,7.0031,
bitbank,btc_jpy,spot,2026-08-20T17:00:00+00:00,11568551,11584136,11527961,11562125,5.7549,
bitbank,btc_jpy,spot,2026-08-20T18:00:00+00:00,11561495,11565886,11509598,11515917,3.8134,
bitbank,btc_jpy,spot,2026-08-20T19:00:00+00:00,11515916,11559087,11504132,11547693,1.1484,
bitbank,btc_jpy,spot,2026-08-20T20:00:00+00:00,11548890,11619898,11544285,11550051,6.7486,
bitbank,btc_jpy,spot,2026-08-20T21:00:00+00:00,11550003,11572830,11541205,11566322,3.7585,
bitbank,btc_jpy,spot,2026-08-20T22:00:00+00:00,11566322,11570000,11527664,11549969,7.0374,
bitbank,btc_jpy,spot,2026-08-20T23:00:00+00:00,11549969,11656991,11545832,11605866,9.5025,
bitbank,btc_jpy,spot,2026-08-21T00:00:00+00:00,11602876,11755000,11602876,11725040,12.3396,
bitbank,btc_jpy,spot,2026-08-21T01:00:00+00:00,11725040,12027245,11718506,11945424,28.4334,
bitbank,btc_jpy,spot,2026-08-21T02:00:00+00:00,11943243,11949820,11801852,11828563,14.2071,
bitbank,btc_jpy,spot,2026-08-21T03:00:00+00:00,11829726,11911333,11782822,11852932,20.3582,
bitbank,btc_jpy,spot,2026-08-21T04:00:00+00:00,11852932,11925759,11852932,11922113,5.6615,
bitbank,btc_jpy,spot,2026-08-21T05:00:00+00:00,11921839,12000000,11915000,11979686,10.2547,
bitbank,btc_jpy,spot,2026-08-21T06:00:00+00:00,11985918,12040608,11947760,12019557,13.4521,
bitbank,btc_jpy,spot,2026-08-21T07:00:00+00:00,12018441,12300000,12014211,12122873,31.2871,
bitbank,btc_jpy,spot,2026-08-21T08:00:00+00:00,12138759,12600000,12128948,12571740,41.4362,
bitbank,btc_jpy,spot,2026-08-21T09:00:00+00:00,12568278,12581169,11500000,12351281,66.0743,
bitbank,btc_jpy,spot,2026-08-21T10:00:00+00:00,12351280,12395000,12306524,12345000,10.8388,
bitbank,btc_jpy,spot,2026-08-21T11:00:00+00:00,12336963,12360156,12076794,12154048,34.0707,
bitbank,btc_jpy,spot,2026-08-21T12:00:00+00:00,12157572,12290235,12121410,12246545,13.1738,
bitbank,btc_jpy,spot,2026-08-21T13:00:00+00:00,12250000,12322948,12104818,12259562,11.4458,
bitbank,btc_jpy,spot,2026-08-21T14:00:00+00:00,12259557,12294092,12155805,12289061,6.7496,
bitbank,btc_jpy,spot,2026-08-21T15:00:00+00:00,12285540,12361669,12260243,12260243,5.4564,
bitbank,btc_jpy,spot,2026-08-21T16:00:00+00:00,12261963,12307375,12199541,12307375,5.4213,
bitbank,btc_jpy,spot,2026-08-21T17:00:00+00:00,12307376,12339999,12274322,12296346,3.4918,
bitbank,btc_jpy,spot,2026-08-21T18:00:00+00:00,12296923,12314033,12182763,12250416,2.4453,
bitbank,btc_jpy,spot,2026-08-21T19:00:00+00:00,12255484,12283618,12207041,12238187,2.6942,
bitbank,btc_jpy,spot,2026-08-21T20:00:00+00:00,12237729,12325702,12217079,12308052,3.6654,
bitbank,btc_jpy,spot,2026-08-21T21:00:00+00:00,12306661,12498006,12288701,12470081,11.8577,
bitbank,btc_jpy,spot,2026-08-21T22:00:00+00:00,12472098,12501320,12419091,12463884,10.3945,
bitbank,btc_jpy,spot,2026-08-21T23:00:00+00:00,12463884,12525196,12399865,12445660,10.5794,
bitbank,btc_jpy,spot,2026-08-22T00:00:00+00:00,12444614,12469943,12238000,12355098,23.0644,
bitbank,btc_jpy,spot,2026-08-22T01:00:00+00:00,12358735,12407240,12345857,12358992,4.5666,
bitbank,btc_jpy,spot,2026-08-22T02:00:00+00:00,12347584,12468865,12341651,12455334,6.1698,
bitbank,btc_jpy,spot,2026-08-22T03:00:00+00:00,12455334,12517988,12451300,12460820,6.3634,
bitbank,btc_jpy,spot,2026-08-22T04:00:00+00:00,12460819,12506694,12433946,12475001,6.4164,
bitbank,btc_jpy,spot,2026-08-22T05:00:00+00:00,12475000,12485756,12168235,12296676,22.9038,
bitbank,btc_jpy,spot,2026-08-22T06:00:00+00:00,12289741,12310000,12234444,12300931,7.1399,
bitbank,btc_jpy,spot,2026-08-22T07:00:00+00:00,12300931,12325862,12270000,12272002,5.4887,
bitbank,btc_jpy,spot,2026-08-22T08:00:00+00:00,12273064,12288000,12232131,12246629,3.6873,
bitbank,btc_jpy,spot,2026-08-22T09:00:00+00:00,12249628,12270000,12198520,12212345,3.8883,
bitbank,btc_jpy,spot,2026-08-22T10:00:00+00:00,12215345,12243513,12132786,12215999,11.0102,
bitbank,btc_jpy,spot,2026-08-22T11:00:00+00:00,12215998,12248390,12188332,12242757,5.1404,
bitbank,btc_jpy,spot,2026-08-22T12:00:00+00:00,12242757,12288043,12232101,12282275,4.2331,
bitbank,btc_jpy,spot,2026-08-22T13:00:00+00:00,12282001,12283069,12248940,12275000,2.2018,
bitbank,btc_jpy,spot,2026-08-22T14:00:00+00:00,12275000,12275000,12220001,12235432,3.0686,
bitbank,btc_jpy,spot,2026-08-22T15:00:00+00:00,12230314,12240188,12206078,12217893,2.2715,
bitbank,btc_jpy,spot,2026-08-22T16:00:00+00:00,12219994,12303887,12209121,12275104,1.5785,
bitbank,btc_jpy,spot,2026-08-22T17:00:00+00:00,12275105,12275324,12244347,12271632,0.3611,
bitbank,btc_jpy,spot,2026-08-22T18:00:00+00:00,12262091,12273293,12253000,12253001,1.3452,
bitbank,btc_jpy,spot,2026-08-22T19:00:00+00:00,12259159,12300001,12254906,12297190,1.0943,
bitbank,btc_jpy,spot,2026-08-22T20:00:00+00:00,12290958,12295760,12270001,12271650,0.5872,
bitbank,btc_jpy,spot,2026-08-22T21:00:00+00:00,12270000,12270000,12205179,12208097,0.5824,
bitbank,btc_jpy,spot,2026-08-22T22:00:00+00:00,12212016,12249722,12195000,12219869,0.7786,
bitbank,btc_jpy,spot,2026-08-22T23:00:00+00:00,12219869,12235176,12210263,12231617,1.0073,
bitbank,btc_jpy,spot,2026-08-23T00:00:00+00:00,12229786,12277800,12229786,12275286,3.8721,
bitbank,btc_jpy,spot,2026-08-23T01:00:00+00:00,12275388,12280000,12250001,12256657,2.1816,
bitbank,btc_jpy,spot,2026-08-23T02:00:00+00:00,12255925,12258237,12235048,12241476,0.5263,
bitbank,btc_jpy,spot,2026-08-23T03:00:00+00:00,12241999,12244999,12210000,12216918,2.2085,
bitbank,btc_jpy,spot,2026-08-23T04:00:00+00:00,12216919,12234433,12157497,12169770,6.4649,
bitbank,btc_jpy,spot,2026-08-23T05:00:00+00:00,12170110,12178797,12001038,12075755,14.2021,
bitbank,btc_jpy,spot,2026-08-23T06:00:00+00:00,12072298,12108458,12039760,12074750,4.6363,
bitbank,btc_jpy,spot,2026-08-23T07:00:00+00:00,12076591,12106869,12048820,12053104,2.0455,
bitbank,btc_jpy,spot,2026-08-23T08:00:00+00:00,12055292,12150919,12055000,12128453,5.1438,
bitbank,btc_jpy,spot,2026-08-23T09:00:00+00:00,12129408,12153426,12124878,12150000,2.6852,
bitbank,btc_jpy,spot,2026-08-23T10:00:00+00:00,12149998,12209057,12144000,12193002,2.6365,
bitbank,btc_jpy,spot,2026-08-23T11:00:00+00:00,12193002,12285362,12185342,12280001,4.5501,
bitbank,btc_jpy,spot,2026-08-23T12:00:00+00:00,12280001,12280001,12228613,12251214,1.9558,
bitbank,btc_jpy,spot,2026-08-23T13:00:00+00:00,12250661,12337768,12250661,12302815,4.4711,
bitbank,btc_jpy,spot,2026-08-23T14:00:00+00:00,12303115,12323751,12198836,12254332,6.2190,
bitbank,btc_jpy,spot,2026-08-23T15:00:00+00:00,12258355,12271234,12219331,12245760,1.2710,
bitbank,btc_jpy,spot,2026-08-23T16:00:00+00:00,12247564,12281963,12247564,12280000,0.5334,
bitbank,btc_jpy,spot,2026-08-23T17:00:00+00:00,12281112,12284147,12246747,12261652,1.0288,
bitbank,btc_jpy,spot,2026-08-23T18:00:00+00:00,12261652,12284807,12254663,12268250,0.8129,
bitbank,btc_jpy,spot,2026-08-23T19:00:00+00:00,12270396,12290876,12270396,12279334,0.3664,
bitbank,btc_jpy,spot,2026-08-23T20:00:00+00:00,12275001,12290149,12265665,12278455,1.1583,
bitbank,btc_jpy,spot,2026-08-23T21:00:00+00:00,12278455,12396586,12278455,12357128,9.1757,
bitbank,btc_jpy,spot,2026-08-23T22:00:00+00:00,12358318,12376016,12328637,12341683,8.0976,
bitbank,btc_jpy,spot,2026-08-23T23:00:00+00:00,12340001,12365909,12298425,12350890,7.3954,
bitbank,btc_jpy,spot,2026-08-24T00:00:00+00:00,12350891,12350891,12255153,12317065,2.9989,
bitbank,btc_jpy,spot,2026-08-24T01:00:00+00:00,12319472,12338261,12221273,12221273,2.9343,
bitbank,btc_jpy,spot,2026-08-24T02:00:00+00:00,12222080,12319863,12213789,12303947,4.9080,
bitbank,btc_jpy,spot,2026-08-24T03:00:00+00:00,12306947,12313819,12233129,12237168,3.6705,
bitbank,btc_jpy,spot,2026-08-24T04:00:00+00:00,12237168,12275619,12183882,12213097,6.7188,
bitbank,btc_jpy,spot,2026-08-24T05:00:00+00:00,12211640,12267927,12211143,12265838,5.8008,
bitbank,btc_jpy,spot,2026-08-24T06:00:00+00:00,12268637,12327183,12256655,12320644,8.5754,
bitbank,btc_jpy,spot,2026-08-24T07:00:00+00:00,12320645,12374997,12307793,12307793,8.4950,
bitbank,btc_jpy,spot,2026-08-24T08:00:00+00:00,12307759,12322978,12252345,12272447,3.7839,
bitbank,btc_jpy,spot,2026-08-24T09:00:00+00:00,12271449,12338110,12271449,12338110,3.8555,
bitbank,btc_jpy,spot,2026-08-24T10:00:00+00:00,12338110,12421475,12338109,12362000,9.3124,
bitbank,btc_jpy,spot,2026-08-24T11:00:00+00:00,12360688,12500000,12337349,12479434,14.0374,
bitbank,btc_jpy,spot,2026-08-24T12:00:00+00:00,12473825,12612000,12403794,12584574,26.0727,
bitbank,btc_jpy,spot,2026-08-24T13:00:00+00:00,12590344,12647450,12390012,12499419,26.1662,
bitbank,btc_jpy,spot,2026-08-24T14:00:00+00:00,12502600,12690721,12502600,12644194,23.1482,
bitbank,btc_jpy,spot,2026-08-24T15:00:00+00:00,12644331,12732391,12552505,12582009,12.6196,
bitbank,btc_jpy,spot,2026-08-24T16:00:00+00:00,12583472,12699845,12556647,12585246,3.3989,
bitbank,btc_jpy,spot,2026-08-24T17:00:00+00:00,12585247,12591000,12491660,12529686,6.6119,
bitbank,btc_jpy,spot,2026-08-24T18:00:00+00:00,12536175,12584999,12536175,12557034,1.0042,
bitbank,btc_jpy,spot,2026-08-24T19:00:00+00:00,12568583,12592698,12515305,12536893,1.9643,
bitbank,btc_jpy,spot,2026-08-24T20:00:00+00:00,12540679,12564392,12505833,12557106,2.1980,
bitbank,btc_jpy,spot,2026-08-24T21:00:00+00:00,12557652,12570000,12544105,12565804,1.2533,
bitbank,btc_jpy,spot,2026-08-24T22:00:00+00:00,12565804,12565804,12528970,12532008,1.9857,
bitbank,btc_jpy,spot,2026-08-24T23:00:00+00:00,12531879,12566966,12519594,12557431,2.3421,
bitbank,btc_jpy,spot,2026-08-25T00:00:00+00:00,12562998,12700000,12527919,12683488,12.7581,
bitbank,btc_jpy,spot,2026-08-25T01:00:00+00:00,12689829,12717195,12642690,12705712,8.6121,
bitbank,btc_jpy,spot,2026-08-25T02:00:00+00:00,12707960,12933047,12700001,12851000,28.7981,
bitbank,btc_jpy,spot,2026-08-25T03:00:00+00:00,12852677,12894611,12810000,12823737,20.5045,
bitbank,btc_jpy,spot,2026-08-25T04:00:00+00:00,12828772,12847047,12782304,12800000,4.5776,
bitbank,btc_jpy,spot,2026-08-25T05:00:00+00:00,12800000,12889997,12799993,12868505,9.3413,
bitbank,btc_jpy,spot,2026-08-25T06:00:00+00:00,12870320,12894353,12832383,12855007,8.1201,
bitbank,btc_jpy,spot,2026-08-25T07:00:00+00:00,12855008,12900000,12665219,12726672,16.8458,
bitbank,btc_jpy,spot,2026-08-25T08:00:00+00:00,12727233,12807368,12704150,12747711,7.4567,
bitbank,btc_jpy,spot,2026-08-25T09:00:00+00:00,12747711,12747712,12584462,12621674,10.8935,
bitbank,btc_jpy,spot,2026-08-25T10:00:00+00:00,12625370,12663616,12601696,12644370,4.7679,
bitbank,btc_jpy,spot,2026-08-25T11:00:00+00:00,12645554,12659889,12607575,12618666,7.2527,
bitbank,btc_jpy,spot,2026-08-25T12:00:00+00:00,12617764,12617765,12537632,12596620,6.9620,
bitbank,btc_jpy,spot,2026-08-25T13:00:00+00:00,12596621,12629998,12455326,12531708,16.5840,
bitbank,btc_jpy,spot,2026-08-25T14:00:00+00:00,12531445,12647267,12521717,12627616,11.3742,
bitbank,btc_jpy,spot,2026-08-25T15:00:00+00:00,12625038,12663616,12604367,12663616,2.5991,
bitbank,btc_jpy,spot,2026-08-25T16:00:00+00:00,12666287,12672549,12607239,12617817,2.8032,
bitbank,btc_jpy,spot,2026-08-25T17:00:00+00:00,12617816,12624418,12554739,12624417,2.8575,
bitbank,btc_jpy,spot,2026-08-25T18:00:00+00:00,12624418,12638436,12604421,12604421,1.6940,
bitbank,btc_jpy,spot,2026-08-25T19:00:00+00:00,12605708,12613000,12540673,12568206,1.6683,
bitbank,btc_jpy,spot,2026-08-25T20:00:00+00:00,12570000,12578401,12458188,12461001,6.0002,
bitbank,btc_jpy,spot,2026-08-25T21:00:00+00:00,12461001,12526636,12420000,12521114,5.6133,
bitbank,btc_jpy,spot,2026-08-25T22:00:00+00:00,12526636,12578999,12526636,12567902,3.1264,
bitbank,btc_jpy,spot,2026-08-25T23:00:00+00:00,12562722,12576013,12491762,12505052,2.6196,
bitbank,btc_jpy,spot,2026-08-26T00:00:00+00:00,12515173,12530445,12480000,12530000,6.4625,
bitbank,btc_jpy,spot,2026-08-26T01:00:00+00:00,12529999,12560219,12525542,12540210,6.0650,
bitbank,btc_jpy,spot,2026-08-26T02:00:00+00:00,12540871,12596952,12525925,12584439,4.9079,
bitbank,btc_jpy,spot,2026-08-26T03:00:00+00:00,12584439,12590000,12563772,12575290,3.2350,
bitbank,btc_jpy,spot,2026-08-26T04:00:00+00:00,12576946,12596940,12544166,12547383,1.7419,
bitbank,btc_jpy,spot,2026-08-26T05:00:00+00:00,12547348,12582967,12525161,12577780,1.5908,
bitbank,btc_jpy,spot,2026-08-26T06:00:00+00:00,12578009,12597021,12554055,12566669,3.3855,
bitbank,btc_jpy,spot,2026-08-26T07:00:00+00:00,12567903,12581122,12556919,12566494,5.1873,
bitbank,btc_jpy,spot,2026-08-26T08:00:00+00:00,12565762,12587443,12519480,12528435,3.6925,
bitbank,btc_jpy,spot,2026-08-26T09:00:00+00:00,12528693,12551000,12460194,12479395,3.4544,
bitbank,btc_jpy,spot,2026-08-26T10:00:00+00:00,12478221,12546440,12460712,12541929,4.8080,
bitbank,btc_jpy,spot,2026-08-26T11:00:00+00:00,12541928,12541928,12478881,12496040,2.3331,
bitbank,btc_jpy,spot,2026-08-26T12:00:00+00:00,12499585,12514030,12424158,12481448,8.0018,
bitbank,btc_jpy,spot,2026-08-26T13:00:00+00:00,12483322,12518619,12418799,12507131,5.1189,
bitbank,btc_jpy,spot,2026-08-26T14:00:00+00:00,12507063,12528316,12407578,12407578,4.4797,
bitbank,btc_jpy,spot,2026-08-26T15:00:00+00:00,12407578,12461537,12386373,12449981,9.8315,
bitbank,btc_jpy,spot,2026-08-26T16:00:00+00:00,12436219,12468235,12424076,12439457,1.2699,
bitbank,btc_jpy,spot,2026-08-26T17:00:00+00:00,12440086,12522645,12440086,12511234,0.7843,
bitbank,btc_jpy,spot,2026-08-26T18:00:00+00:00,12510001,12530000,12485078,12513001,1.1772,
bitbank,btc_jpy,spot,2026-08-26T19:00:00+00:00,12513000,12518050,12491174,12509311,0.2688,
bitbank,btc_jpy,spot,2026-08-26T20:00:00+00:00,12506689,12509622,12477968,12501187,0.3411,
bitbank,btc_jpy,spot,2026-08-26T21:00:00+00:00,12501186,12560711,12497633,12548020,1.8461,
bitbank,btc_jpy,spot,2026-08-26T22:00:00+00:00,12546216,12583947,12522691,12540000,3.9022,
bitbank,btc_jpy,spot,2026-08-26T23:00:00+00:00,12540857,12608851,12530957,12587741,4.2945,
bitbank,btc_jpy,spot,2026-08-27T00:00:00+00:00,12585559,12585559,12536882,12537334,3.7224,
bitbank,btc_jpy,spot,2026-08-27T01:00:00+00:00,12537334,12583649,12521259,12568833,1.4569,
bitbank,btc_jpy,spot,2026-08-27T02:00:00+00:00,12575034,12577757,12551255,12555001,0.8734,
bitbank,btc_jpy,spot,2026-08-27T03:00:00+00:00,12555001,12589999,12545098,12577792,4.4368,
bitbank,btc_jpy,spot,2026-08-27T04:00:00+00:00,12577792,12603386,12562198,12565198,3.3510,
bitbank,btc_jpy,spot,2026-08-27T05:00:00+00:00,12565198,12586921,12546170,12580001,4.9315,
bitbank,btc_jpy,spot,2026-08-27T06:00:00+00:00,12581093,12581093,12549160,12573532,0.7242,
bitbank,btc_jpy,spot,2026-08-27T07:00:00+00:00,12565474,12616151,12561886,12606809,1.9306,
bitbank,btc_jpy,spot,2026-08-27T08:00:00+00:00,12610996,12743892,12610672,12708117,16.0816,
bitbank,btc_jpy,spot,2026-08-27T09:00:00+00:00,12708118,12821873,12700445,12753782,25.4305,
bitbank,btc_jpy,spot,2026-08-27T10:00:00+00:00,12753785,12777171,12644404,12682376,5.4618,
bitbank,btc_jpy,spot,2026-08-27T11:00:00+00:00,12687160,12717113,12638578,12668865,4.2725,
bitbank,btc_jpy,spot,2026-08-27T12:00:00+00:00,12667716,12680000,12631359,12635427,5.3006,
bitbank,btc_jpy,spot,2026-08-27T13:00:00+00:00,12635427,12683818,12585081,12675147,6.6507,
bitbank,btc_jpy,spot,2026-08-27T14:00:00+00:00,12675141,12800000,12650277,12776988,6.1930,
bitbank,btc_jpy,spot,2026-08-27T15:00:00+00:00,12776988,12873620,12764285,12799028,7.7022,
bitbank,btc_jpy,spot,2026-08-27T16:00:00+00:00,12794594,12836819,12780001,12802451,2.8250,
bitbank,btc_jpy,spot,2026-08-27T17:00:00+00:00,12801101,12870000,12785002,12823838,3.1455,
bitbank,btc_jpy,spot,2026-08-27T18:00:00+00:00,12827061,12827061,12722906,12766911,2.1728,
bitbank,btc_jpy,spot,2026-08-27T19:00:00+00:00,12771574,12789473,12744651,12744651,0.5471,
bitbank,btc_jpy,spot,2026-08-27T20:00:00+00:00,12741659,12767801,12741446,12763250,1.0546,
bitbank,btc_jpy,spot,2026-08-27T21:00:00+00:00,12763250,12775058,12749436,12768964,1.0078,
bitbank,btc_jpy,spot,2026-08-27T22:00:00+00:00,12771800,12808894,12771800,12790525,3.5586,
bitbank,btc_jpy,spot,2026-08-27T23:00:00+00:00,12792381,12807347,12777410,12790381,2.1449,
bitbank,btc_jpy,spot,2026-08-28T00:00:00+00:00,12790381,12865155,12776614,12854642,10.6604,
bitbank,btc_jpy,spot,2026-08-28T01:00:00+00:00,12855022,12977887,12835000,12839153,13.4945,
bitbank,btc_jpy,spot,2026-08-28T02:00:00+00:00,12840063,12840063,12731111,12755140,11.7969,
bitbank,btc_jpy,spot,2026-08-28T03:00:00+00:00,12755140,12775873,12739110,12745971,4.3315,
bitbank,btc_jpy,spot,2026-08-28T04:00:00+00:00,12745971,12763001,12718800,12720000,2.4560,
bitbank,btc_jpy,spot,2026-08-28T05:00:00+00:00,12720001,12759687,12718800,12731902,4.6918,
bitbank,btc_jpy,spot,2026-08-28T06:00:00+00:00,12734901,12770000,12734901,12766959,3.8393,
bitbank,btc_jpy,spot,2026-08-28T07:00:00+00:00,12760002,12760002,12720000,12728429,3.0997,
bitbank,btc_jpy,spot,2026-08-28T08:00:00+00:00,12730967,12758445,12711849,12711849,2.8341,
bitbank,btc_jpy,spot,2026-08-28T09:00:00+00:00,12711848,12711848,12668912,12680438,6.7193,
bitbank,btc_jpy,spot,2026-08-28T10:00:00+00:00,12680336,12716753,12635384,12716753,4.2628,
bitbank,btc_jpy,spot,2026-08-28T11:00:00+00:00,12718001,12762331,12718001,12725937,2.5659,
bitbank,btc_jpy,spot,2026-08-28T12:00:00+00:00,12722665,12735239,12680352,12691126,2.9922,
bitbank,btc_jpy,spot,2026-08-28T13:00:00+00:00,12690113,12701134,12636078,12688332,8.6738,
bitbank,btc_jpy,spot,2026-08-28T14:00:00+00:00,12686172,12762033,12554565,12726649,19.2586,
bitbank,btc_jpy,spot,2026-08-28T15:00:00+00:00,12732641,12771695,12552117,12552117,7.0737,
bitbank,btc_jpy,spot,2026-08-28T16:00:00+00:00,12552114,12560352,12335002,12489453,23.4556,
bitbank,btc_jpy,spot,2026-08-28T17:00:00+00:00,12479477,12518782,12459759,12495607,5.1060,
bitbank,btc_jpy,spot,2026-08-28T18:00:00+00:00,12495608,12495608,12389154,12425642,2.5632,
bitbank,btc_jpy,spot,2026-08-28T19:00:00+00:00,12425642,12465152,12406306,12430000,3.7007,
bitbank,btc_jpy,spot,2026-08-28T20:00:00+00:00,12430316,12438970,12394155,12405555,2.9653,
bitbank,btc_jpy,spot,2026-08-28T21:00:00+00:00,12405554,12419827,12390000,12394192,2.8446,
bitbank,btc_jpy,spot,2026-08-28T22:00:00+00:00,12398457,12463064,12392953,12462855,2.8528,
bitbank,btc_jpy,spot,2026-08-28T23:00:00+00:00,12460359,12467110,12443026,12467110,2.3384,
bitbank,btc_jpy,spot,2026-08-29T00:00:00+00:00,12467774,12490001,12465794,12465795,3.1563,
bitbank,btc_jpy,spot,2026-08-29T01:00:00+00:00,12465794,12473145,12451819,12472372,1.3066,
bitbank,btc_jpy,spot,2026-08-29T02:00:00+00:00,12472373,12473200,12446439,12454718,1.5781,
bitbank,btc_jpy,spot,2026-08-29T03:00:00+00:00,12454718,12459811,12427593,12434267,1.5839,
bitbank,btc_jpy,spot,2026-08-29T04:00:00+00:00,12434267,12442752,12434267,12442752,0.6631,
bitbank,btc_jpy,spot,2026-08-29T05:00:00+00:00,12442503,12449577,12442503,12442578,0.2968,
bitbank,btc_jpy,spot,2026-08-29T06:00:00+00:00,12442355,12442355,12404433,12416038,0.4147,
bitbank,btc_jpy,spot,2026-08-29T07:00:00+00:00,12416410,12444499,12416410,12441039,0.7177,
bitbank,btc_jpy,spot,2026-08-29T08:00:00+00:00,12441040,12441040,12422043,12434301,0.3202,
bitbank,btc_jpy,spot,2026-08-29T09:00:00+00:00,12435000,12455698,12435000,12449224,1.2714,
bitbank,btc_jpy,spot,2026-08-29T10:00:00+00:00,12449224,12461061,12431708,12456430,1.8544,
bitbank,btc_jpy,spot,2026-08-29T11:00:00+00:00,12449077,12453691,12440346,12440346,1.1718,
bitbank,btc_jpy,spot,2026-08-29T12:00:00+00:00,12440346,12442001,12430001,12435809,0.6578,
bitbank,btc_jpy,spot,2026-08-29T13:00:00+00:00,12435670,12453231,12433180,12453231,1.4366,
bitbank,btc_jpy,spot,2026-08-29T14:00:00+00:00,12453231,12518064,12453231,12502463,2.5526,
bitbank,btc_jpy,spot,2026-08-29T15:00:00+00:00,12501776,12501776,12474840,12479938,1.2354,
bitbank,btc_jpy,spot,2026-08-29T16:00:00+00:00,12474840,12507096,12474839,12502280,1.6088,
bitbank,btc_jpy,spot,2026-08-29T17:00:00+00:00,12502280,12509391,12488245,12505000,0.8115,
bitbank,btc_jpy,spot,2026-08-29T18:00:00+00:00,12509877,12536534,12509629,12528141,1.2919,
bitbank,btc_jpy,spot,2026-08-29T19:00:00+00:00,12528141,12545050,12527962,12527962,0.7743,
bitbank,btc_jpy,spot,2026-08-29T20:00:00+00:00,12525862,12545065,12523802,12523802,0.5415,
bitbank,btc_jpy,spot,2026-08-29T21:00:00+00:00,12523801,12526536,12510001,12520610,0.4402,
bitbank,btc_jpy,spot,2026-08-29T22:00:00+00:00,12520610,12536601,12517611,12530237,0.3275,
bitbank,btc_jpy,spot,2026-08-29T23:00:00+00:00,12530237,12538633,12527860,12533576,1.0575,
bitbank,btc_jpy,spot,2026-08-30T00:00:00+00:00,12533576,12546772,12528198,12533028,0.7595,
bitbank,btc_jpy,spot,2026-08-30T01:00:00+00:00,12533028,12533028,12500212,12508444,0.6390,
bitbank,btc_jpy,spot,2026-08-30T02:00:00+00:00,12508444,12516871,12503445,12512998,0.7727,
bitbank,btc_jpy,spot,2026-08-30T03:00:00+00:00,12511182,12529718,12511180,12518498,0.4458,
bitbank,btc_jpy,spot,2026-08-30T04:00:00+00:00,12518499,12526025,12504489,12509766,0.1997,
bitbank,btc_jpy,spot,2026-08-30T05:00:00+00:00,12509768,12523854,12509767,12515763,0.7036,
bitbank,btc_jpy,spot,2026-08-30T06:00:00+00:00,12515762,12535368,12514637,12535333,0.7416,
bitbank,btc_jpy,spot,2026-08-30T07:00:00+00:00,12535333,12535333,12519162,12519162,0.1821,
bitbank,btc_jpy,spot,2026-08-30T08:00:00+00:00,12519162,12522162,12495481,12503787,1.2758,
bitbank,btc_jpy,spot,2026-08-30T09:00:00+00:00,12503786,12505399,12500000,12501070,0.7665,
bitbank,btc_jpy,spot,2026-08-30T10:00:00+00:00,12501070,12509618,12496450,12509617,0.7230,
bitbank,btc_jpy,spot,2026-08-30T11:00:00+00:00,12509618,12521725,12509617,12513768,0.7159,
bitbank,btc_jpy,spot,2026-08-30T12:00:00+00:00,12516190,12620000,12516190,12605383,6.8701,
bitbank,btc_jpy,spot,2026-08-30T13:00:00+00:00,12615888,12640000,12591693,12634891,3.7198,
bitbank,btc_jpy,spot,2026-08-30T14:00:00+00:00,12634892,12640000,12619291,12619291,3.6255,
bitbank,btc_jpy,spot,2026-08-30T15:00:00+00:00,12619293,12633147,12602000,12626889,1.7939,
bitbank,btc_jpy,spot,2026-08-30T16:00:00+00:00,12626890,12719432,12621513,12700000,4.9977,
bitbank,btc_jpy,spot,2026-08-30T17:00:00+00:00,12699999,12699999,12612795,12648851,3.5220,
bitbank,btc_jpy,spot,2026-08-30T18:00:00+00:00,12653001,12667476,12619885,12654308,0.3043,
bitbank,btc_jpy,spot,2026-08-30T19:00:00+00:00,12654308,12654308,12611392,12627856,1.2804,
bitbank,btc_jpy,spot,2026-08-30T20:00:00+00:00,12627557,12633811,12565963,12589439,2.2377,
bitbank,btc_jpy,spot,2026-08-30T21:00:00+00:00,12580755,12599619,12535000,12596148,1.7778,
bitbank,btc_jpy,spot,2026-08-30T22:00:00+00:00,12596147,12613663,12542990,12560001,1.5704,
bitbank,btc_jpy,spot,2026-08-30T23:00:00+00:00,12564733,12564733,12360000,12452249,14.0713,
bitbank,btc_jpy,spot,2026-08-31T00:00:00+00:00,12455961,12650000,12405755,12482879,9.9741,
bitbank,btc_jpy,spot,2026-08-31T01:00:00+00:00,12480674,12650000,12424341,12428440,11.7755,
bitbank,btc_jpy,spot,2026-08-31T02:00:00+00:00,12428440,12599999,12386399,12402183,6.9022,
bitbank,btc_jpy,spot,2026-08-31T03:00:00+00:00,12402182,12458386,12389809,12441514,3.1553,
bitbank,btc_jpy,spot,2026-08-31T04:00:00+00:00,12441514,12441514,12403771,12421988,6.0539,
bitbank,btc_jpy,spot,2026-08-31T05:00:00+00:00,12415200,12500000,12413557,12483458,2.0699,
bitbank,btc_jpy,spot,2026-08-31T06:00:00+00:00,12480458,12500000,12466596,12496650,3.3849,
bitbank,btc_jpy,spot,2026-08-31T07:00:00+00:00,12496650,12505000,12490000,12497498,4.5865,
bitbank,btc_jpy,spot,2026-08-31T08:00:00+00:00,12497497,12550000,12464430,12550000,1.4472,
bitbank,btc_jpy,spot,2026-08-31T09:00:00+00:00,12550000,12600000,12540001,12562240,3.5313,
bitbank,btc_jpy,spot,2026-08-31T10:00:00+00:00,12562239,12575868,12521850,12575868,2.3794,
bitbank,btc_jpy,spot,2026-08-31T11:00:00+00:00,12575868,12575868,12517500,12517500,3.5955,
bitbank,btc_jpy,spot,2026-08-31T12:00:00+00:00,12517463,12546574,12426758,12462661,2.6968,
bitbank,btc_jpy,spot,2026-08-31T13:00:00+00:00,12459974,12503540,12439700,12450001,1.8481,
bitbank,btc_jpy,spot,2026-08-31T14:00:00+00:00,12457127,12568756,12443228,12558158,4.0431,
bitbank,btc_jpy,spot,2026-08-31T15:00:00+00:00,12556253,12586223,12507063,12561249,3.1071,
bitbank,btc_jpy,spot,2026-08-31T16:00:00+00:00,12556093,12589999,12550001,12565722,1.9222,
bitbank,btc_jpy,spot,2026-08-31T17:00:00+00:00,12565722,12600000,12540001,12595404,4.4580,
bitbank,btc_jpy,spot,2026-08-31T18:00:00+00:00,12594899,12640000,12583298,12626914,8.1587,
bitbank,btc_jpy,spot,2026-08-31T19:00:00+00:00,12629853,12645160,12598466,12598466,0.8786,
bitbank,btc_jpy,spot,2026-08-31T20:00:00+00:00,12599894,12633551,12590811,12590812,0.6491,
bitbank,btc_jpy,spot,2026-08-31T21:00:00+00:00,12590813,12620396,12575120,12613575,1.2754,
bitbank,btc_jpy,spot,2026-08-31T22:00:00+00:00,12613576,12614537,12558353,12558650,1.1745,
bitbank,btc_jpy,spot,2026-08-31T23:00:00+00:00,12558650,12558650,12533152,12555542,1.0733,
bitbank,btc_jpy,spot,2026-09-01T00:00:00+00:00,12552908,12589171,12552908,12557789,1.0748,
bitbank,btc_jpy,spot,2026-09-01T01:00:00+00:00,12557789,12585351,12531254,12531254,1.4302,
bitbank,btc_jpy,spot,2026-09-01T02:00:00+00:00,12531253,12561257,12503578,12536428,8.2430,
bitbank,btc_jpy,spot,2026-09-01T03:00:00+00:00,12536428,12650000,12536428,12579436,6.8492,
bitbank,btc_jpy,spot,2026-09-01T04:00:00+00:00,12579899,12625059,12579899,12591393,6.0533,
bitbank,btc_jpy,spot,2026-09-01T05:00:00+00:00,12596782,12671427,12596781,12659390,2.2586,
bitbank,btc_jpy,spot,2026-09-01T06:00:00+00:00,12659390,12659390,12607378,12607378,5.2736,
bitbank,btc_jpy,spot,2026-09-01T07:00:00+00:00,12607378,12609704,12573268,12589236,2.4525,
bitbank,btc_jpy,spot,2026-09-01T08:00:00+00:00,12594161,12594161,12460780,12468651,14.5377,
bitbank,btc_jpy,spot,2026-09-01T09:00:00+00:00,12473766,12493020,12446650,12481701,5.6450,
bitbank,btc_jpy,spot,2026-09-01T10:00:00+00:00,12481701,12514101,12455500,12498573,3.2398,
bitbank,btc_jpy,spot,2026-09-01T11:00:00+00:00,12495190,12519000,12481868,12503795,3.0823,
bitbank,btc_jpy,spot,2026-09-01T12:00:00+00:00,12503795,12513544,12460001,12491102,4.5379,
bitbank,btc_jpy,spot,2026-09-01T13:00:00+00:00,12489681,12512954,12420000,12496024,7.4541,
bitbank,btc_jpy,spot,2026-09-01T14:00:00+00:00,12496024,12550000,12496024,12517426,3.6843,
bitbank,btc_jpy,spot,2026-09-01T15:00:00+00:00,12512188,12512188,12452434,12481366,3.3528,
bitbank,btc_jpy,spot,2026-09-01T16:00:00+00:00,12481366,12486931,12402598,12435448,4.9913,
bitbank,btc_jpy,spot,2026-09-01T17:00:00+00:00,12437911,12451869,12391234,12391234,4.0355,
bitbank,btc_jpy,spot,2026-09-01T18:00:00+00:00,12394977,12394977,12260068,12361332,11.0380,
bitbank,btc_jpy,spot,2026-09-01T19:00:00+00:00,12368279,12412535,12366423,12390485,1.3526,
bitbank,btc_jpy,spot,2026-09-01T20:00:00+00:00,12396507,12417641,12394326,12417641,0.5086,
bitbank,btc_jpy,spot,2026-09-01T21:00:00+00:00,12416832,12419999,12335713,12373113,2.5232,
bitbank,btc_jpy,spot,2026-09-01T22:00:00+00:00,12370823,12395644,12347247,12389255,1.6866,
bitbank,btc_jpy,spot,2026-09-01T23:00:00+00:00,12389255,12437337,12381749,12416308,2.4373,
bitbank,btc_jpy,spot,2026-09-02T00:00:00+00:00,12416309,12425383,12372222,12383697,2.4373,
bitbank,btc_jpy,spot,2026-09-02T01:00:00+00:00,12382637,12403546,12311353,12358272,4.2313,
bitbank,btc_jpy,spot,2026-09-02T02:00:00+00:00,12357715,12399645,12353273,12387203,0.9406,
bitbank,btc_jpy,spot,2026-09-02T03:00:00+00:00,12390000,12468030,12390000,12437160,2.9634,
bitbank,btc_jpy,spot,2026-09-02T04:00:00+00:00,12434352,12489000,12397990,12438657,6.9876,
bitbank,btc_jpy,spot,2026-09-02T05:00:00+00:00,12438083,12541002,12420002,12428578,7.6261,
bitbank,btc_jpy,spot,2026-09-02T06:00:00+00:00,12428577,12431081,12380145,12395672,7.9850,
bitbank,btc_jpy,spot,2026-09-02T07:00:00+00:00,12395673,12422898,12389523,12389525,5.0767,
bitbank,btc_jpy,spot,2026-09-02T08:00:00+00:00,12389525,12394252,12280000,12288047,8.2343,
bitbank,btc_jpy,spot,2026-09-02T09:00:00+00:00,12292020,12323103,12241190,12268597,7.8107,
bitbank,btc_jpy,spot,2026-09-02T10:00:00+00:00,12270597,12270597,12207818,12262832,6.3280,
bitbank,btc_jpy,spot,2026-09-02T11:00:00+00:00,12262832,12269047,12215320,12260710,3.5824,
bitbank,btc_jpy,spot,2026-09-02T12:00:00+00:00,12265067,12297471,12239444,12239444,2.8965,
bitbank,btc_jpy,spot,2026-09-02T13:00:00+00:00,12240032,12288124,12180021,12234364,17.2850,
bitbank,btc_jpy,spot,2026-09-02T14:00:00+00:00,12238341,12303616,12223010,12248824,4.1509,
bitbank,btc_jpy,spot,2026-09-02T15:00:00+00:00,12244279,12284148,12189104,12274040,5.3351,
bitbank,btc_jpy,spot,2026-09-02T16:00:00+00:00,12274041,12326669,12268848,12268848,3.2520,
bitbank,btc_jpy,spot,2026-09-02T17:00:00+00:00,12266832,12294804,12241228,12293339,1.9313,
bitbank,btc_jpy,spot,2026-09-02T18:00:00+00:00,12293340,12316997,12291150,12296408,1.3536,
bitbank,btc_jpy,spot,2026-09-02T19:00:00+00:00,12299407,12306726,12267290,12272019,0.1320,
bitbank,btc_jpy,spot,2026-09-02T20:00:00+00:00,12283073,12300993,12263391,12298389,0.3258,
bitbank,btc_jpy,spot,2026-09-02T21:00:00+00:00,12298388,12298388,12272433,12275670,0.8093,
bitbank,btc_jpy,spot,2026-09-02T22:00:00+00:00,12278669,12278669,12241880,12243507,1.8089,
bitbank,btc_jpy,spot,2026-09-02T23:00:00+00:00,12243507,12290696,12242792,12290696,0.5591,
bitbank,btc_jpy,spot,2026-09-03T00:00:00+00:00,12290696,12290696,12231491,12239335,1.2792,
bitbank,btc_jpy,spot,2026-09-03T01:00:00+00:00,12237973,12284035,12224471,12263019,1.9062,
bitbank,btc_jpy,spot,2026-09-03T02:00:00+00:00,12263020,12319998,12241269,12302418,3.2263,
bitbank,btc_jpy,spot,2026-09-03T03:00:00+00:00,12300001,12300001,12266888,12271015,6.8560,
bitbank,btc_jpy,spot,2026-09-03T04:00:00+00:00,12274054,12315000,12241212,12278121,12.8620,
bitbank,btc_jpy,spot,2026-09-03T05:00:00+00:00,12282681,12320000,12175520,12260000,8.3336,
bitbank,btc_jpy,spot,2026-09-03T06:00:00+00:00,12258514,12258514,12226794,12233786,1.2334,
bitbank,btc_jpy,spot,2026-09-03T07:00:00+00:00,12233787,12270511,12207680,12207681,5.9568,
bitbank,btc_jpy,spot,2026-09-03T08:00:00+00:00,12206100,12247935,12197157,12199906,1.2983,
bitbank,btc_jpy,spot,2026-09-03T09:00:00+00:00,12197159,12215200,12139757,12144136,4.9922,
bitbank,btc_jpy,spot,2026-09-03T10:00:00+00:00,12144136,12160000,12126452,12152071,4.3230,
bitbank,btc_jpy,spot,2026-09-03T11:00:00+00:00,12152857,12185383,12140867,12171657,2.2915,
bitbank,btc_jpy,spot,2026-09-03T12:00:00+00:00,12174498,12257277,12152827,12244444,5.2416,
bitbank,btc_jpy,spot,2026-09-03T13:00:00+00:00,12244444,12296574,12214835,12260128,9.3179,
bitbank,btc_jpy,spot,2026-09-03T14:00:00+00:00,12260000,12542316,12251235,12525483,20.4572,
bitbank,btc_jpy,spot,2026-09-03T15:00:00+00:00,12524484,12646054,12508268,12641102,17.9930,
bitbank,btc_jpy,spot,2026-09-03T16:00:00+00:00,12643399,12643399,12536455,12575964,5.0979,
bitbank,btc_jpy,spot,2026-09-03T17:00:00+00:00,12575713,12605500,12569425,12595047,3.2958,
bitbank,btc_jpy,spot,2026-09-03T18:00:00+00:00,12593726,12634844,12581103,12631037,1.5322,
bitbank,btc_jpy,spot,2026-09-03T19:00:00+00:00,12632436,12738196,12632436,12730000,6.6098,
bitbank,btc_jpy,spot,2026-09-03T20:00:00+00:00,12729999,12729999,12673796,12683093,4.2301,
bitbank,btc_jpy,spot,2026-09-03T21:00:00+00:00,12683093,12807555,12669659,12718980,10.9027,
bitbank,btc_jpy,spot,2026-09-03T22:00:00+00:00,12718980,12718980,12624440,12660136,6.3442,
bitbank,btc_jpy,spot,2026-09-03T23:00:00+00:00,12660433,12673241,12637479,12646889,3.0265,
bitbank,btc_jpy,spot,2026-09-04T00:00:00+00:00,12646711,12678338,12595047,12600000,7.6094,
bitbank,btc_jpy,spot,2026-09-04T01:00:00+00:00,12600001,12630952,12598819,12626827,4.1163,
bitbank,btc_jpy,spot,2026-09-04T02:00:00+00:00,12623001,12623001,12588132,12617594,2.7718,
bitbank,btc_jpy,spot,2026-09-04T03:00:00+00:00,12618631,12659980,12617993,12656097,6.4521,
bitbank,btc_jpy,spot,2026-09-04T04:00:00+00:00,12656096,12753931,12642345,12689998,10.5273,
bitbank,btc_jpy,spot,2026-09-04T05:00:00+00:00,12686979,12750000,12660000,12674875,6.7794,
bitbank,btc_jpy,spot,2026-09-04T06:00:00+00:00,12676970,12800000,12606111,12639245,14.3768,
bitbank,btc_jpy,spot,2026-09-04T07:00:00+00:00,12639245,12668232,12628204,12628204,2.3080,
bitbank,btc_jpy,spot,2026-09-04T08:00:00+00:00,12627612,12712524,12611212,12700117,3.5057,
bitbank,btc_jpy,spot,2026-09-04T09:00:00+00:00,12700001,12720000,12672048,12700309,4.3583,
bitbank,btc_jpy,spot,2026-09-04T10:00:00+00:00,12700308,12702206,12662059,12701652,2.1229,
bitbank,btc_jpy,spot,2026-09-04T11:00:00+00:00,12703743,12731234,12691672,12711037,2.2386,
bitbank,btc_jpy,spot,2026-09-04T12:00:00+00:00,12711037,12711037,12372174,12396727,35.6144,
bitbank,btc_jpy,spot,2026-09-04T13:00:00+00:00,12389609,12421212,12318196,12387313,11.6121,
bitbank,btc_jpy,spot,2026-09-04T14:00:00+00:00,12390313,12421357,12302470,12343265,8.9154,
bitbank,btc_jpy,spot,2026-09-04T15:00:00+00:00,12341348,12460000,12323974,12417173,3.0402,
bitbank,btc_jpy,spot,2026-09-04T16:00:00+00:00,12417173,12478194,12417173,12471739,1.5772,
bitbank,btc_jpy,spot,2026-09-04T17:00:00+00:00,12471739,12471739,12418032,12432082,1.1724,
bitbank,btc_jpy,spot,2026-09-04T18:00:00+00:00,12432083,12463962,12432083,12463962,0.6451,
bitbank,btc_jpy,spot,2026-09-04T19:00:00+00:00,12463962,12500000,12463962,12485541,1.4000,
bitbank,btc_jpy,spot,2026-09-04T20:00:00+00:00,12487075,12496928,12481969,12482500,0.4311,
bitbank,btc_jpy,spot,2026-09-04T21:00:00+00:00,12482499,12492980,12454608,12461188,0.5034,
bitbank,btc_jpy,spot,2026-09-04T22:00:00+00:00,12469806,12472291,12461678,12465698,0.9756,
bitbank,btc_jpy,spot,2026-09-04T23:00:00+00:00,12466127,12475597,12458078,12463548,0.6016,
